{
  "package_version": "1.0",
  "created": "2025-12-28T18:48:23",
  "machine_name": "LAPTOP-E8R5OAIB",
  "device": {
    "gpu": "NVIDIA GeForce RTX 3060 Laptop GPU",
    "driver": "581.29.0",
    "vulkan_version": "1.4.312",
    "vram_mb": 5996,
    "vendor_id": 4318,
    "device_id": 9504,
    "device_type": 2,
    "timestamp_period_ns": 1.00,
    "timestamp_supported": true,
    "performance_query_supported": false
  },
  "test_count": 146,
  "format_notes": "JSON files contain per-test results. debug_images/ contains screenshots."
}
