{
  "package_version": "1.0",
  "created": "2025-12-29T11:00:01",
  "machine_name": "LAPTOP-URJE8E52",
  "device": {
    "gpu": "Intel(R) RaptorLake-S Mobile Graphics Controller",
    "driver": "0.405.548",
    "vulkan_version": "1.3.255",
    "vram_mb": 16215,
    "vendor_id": 32902,
    "device_id": 42888,
    "device_type": 1,
    "timestamp_period_ns": 52.08,
    "timestamp_supported": true,
    "performance_query_supported": false
  },
  "test_count": 98,
  "format_notes": "JSON files contain per-test results. debug_images/ contains screenshots."
}
