{
  "package_version": "1.0",
  "created": "2025-12-29T09:06:37",
  "machine_name": "THEOS-PC",
  "device": {
    "gpu": "AMD Radeon(TM) Graphics",
    "driver": "2.0.310",
    "vulkan_version": "1.3.287",
    "vram_mb": 512,
    "vendor_id": 4098,
    "device_id": 5710,
    "device_type": 1,
    "timestamp_period_ns": 10.00,
    "timestamp_supported": true,
    "performance_query_supported": false
  },
  "test_count": 129,
  "format_notes": "JSON files contain per-test results. debug_images/ contains screenshots."
}
