{
  "package_version": "1.0",
  "created": "2025-12-29T08:58:18",
  "machine_name": "THEOS-PC",
  "device": {
    "gpu": "NVIDIA GeForce RTX 3080",
    "driver": "581.57.0",
    "vulkan_version": "1.4.312",
    "vram_mb": 12093,
    "vendor_id": 4318,
    "device_id": 8714,
    "device_type": 2,
    "timestamp_period_ns": 1.00,
    "timestamp_supported": true,
    "performance_query_supported": false
  },
  "test_count": 146,
  "format_notes": "JSON files contain per-test results. debug_images/ contains screenshots."
}
