{
  "package_version": "1.0",
  "created": "2025-12-28T18:59:57",
  "machine_name": "LAPTOP-E8R5OAIB",
  "device": {
    "gpu": "AMD Radeon(TM) Graphics",
    "driver": "2.0.262",
    "vulkan_version": "1.3.246",
    "vram_mb": 512,
    "vendor_id": 4098,
    "device_id": 5761,
    "device_type": 1,
    "timestamp_period_ns": 10.00,
    "timestamp_supported": true,
    "performance_query_supported": false
  },
  "test_count": 54,
  "format_notes": "JSON files contain per-test results. debug_images/ contains screenshots."
}
